{"mean":{"confidence_interval":{"confidence_level":0.95,"lower_bound":33.771019392878,"upper_bound":35.19010295905915},"point_estimate":34.44232760190749,"standard_error":0.3630742231273455},"median":{"confidence_interval":{"confidence_level":0.95,"lower_bound":32.436070279454825,"upper_bound":34.26379463550481},"point_estimate":33.204832721107366,"standard_error":0.47239448069937334},"median_abs_dev":{"confidence_interval":{"confidence_level":0.95,"lower_bound":1.4761605829825901,"upper_bound":3.2471228370662506},"point_estimate":2.3061907429183752,"standard_error":0.42621493141473366},"slope":{"confidence_interval":{"confidence_level":0.95,"lower_bound":33.647076463270935,"upper_bound":34.77257093357362},"point_estimate":34.188741881022985,"standard_error":0.28678292223488033},"std_dev":{"confidence_interval":{"confidence_level":0.95,"lower_bound":2.5884175642876692,"upper_bound":4.79926462532295},"point_estimate":3.6439133695467407,"standard_error":0.5915567424604419}}