{"mean":{"confidence_interval":{"confidence_level":0.95,"lower_bound":122635.28690144875,"upper_bound":125800.24061898766},"point_estimate":124128.63508988958,"standard_error":810.4044799719381},"median":{"confidence_interval":{"confidence_level":0.95,"lower_bound":120515.42959656085,"upper_bound":123712.20884520884},"point_estimate":121466.25777528243,"standard_error":812.4017568827895},"median_abs_dev":{"confidence_interval":{"confidence_level":0.95,"lower_bound":3705.4814533435297,"upper_bound":6378.9077704055935},"point_estimate":4716.30147781044,"standard_error":627.969640684688},"slope":{"confidence_interval":{"confidence_level":0.95,"lower_bound":121694.47894304345,"upper_bound":123493.87096678765},"point_estimate":122573.01232119107,"standard_error":459.68389634206477},"std_dev":{"confidence_interval":{"confidence_level":0.95,"lower_bound":5817.6167926801645,"upper_bound":10252.345183416357},"point_estimate":8118.599028351612,"standard_error":1136.8893941157642}}